{
    "intercept": 0.0022418406510418733,
    "coefficients": {
        "lag_1": 0.05118644217618331,
        "lag_2": -0.012197226912256286,
        "lag_3": 0.017316097181980784,
        "lag_4": 0.021428050841077656,
        "lag_5": -0.035510426405485254,
        "lag_6": 0.03393815156715569,
        "lag_7": -0.05932645818633513,
        "lag_8": 0.0137921222426746,
        "lag_9": -0.005357973379556234,
        "lag_10": -0.024806442332749715,
        "lag_11": -0.010720706880705928,
        "lag_12": 0.03154057924904547,
        "lag_13": 0.031368512022219505,
        "lag_14": 0.019198780625285634
    }
}