{
    "intercept": 0.0023327671853892082,
    "coefficients": {
        "lag_1": 0.02849042251556297,
        "lag_2": -0.006982703407418671,
        "lag_3": 0.009196615932676181,
        "lag_4": 0.011817177808122586,
        "lag_5": -0.02020791951031804,
        "lag_6": 0.01909803424339149,
        "lag_7": -0.03343102618629811,
        "lag_8": 0.008961218138474494,
        "lag_9": -0.004954112895933406,
        "lag_10": -0.012128989411117405,
        "lag_11": -0.005481901801748491,
        "lag_12": 0.015485565549687153,
        "lag_13": 0.017886977456839415,
        "lag_14": 0.009561037127163248
    }
}